-- MySQL dump 10.13  Distrib 8.0.40, for Win64 (x86_64)
--
-- Host: localhost    Database: bms
-- ------------------------------------------------------
-- Server version	8.0.40

/*!40101 SET @OLD_CHARACTER_SET_CLIENT=@@CHARACTER_SET_CLIENT */;
/*!40101 SET @OLD_CHARACTER_SET_RESULTS=@@CHARACTER_SET_RESULTS */;
/*!40101 SET @OLD_COLLATION_CONNECTION=@@COLLATION_CONNECTION */;
/*!50503 SET NAMES utf8 */;
/*!40103 SET @OLD_TIME_ZONE=@@TIME_ZONE */;
/*!40103 SET TIME_ZONE='+00:00' */;
/*!40014 SET @OLD_UNIQUE_CHECKS=@@UNIQUE_CHECKS, UNIQUE_CHECKS=0 */;
/*!40014 SET @OLD_FOREIGN_KEY_CHECKS=@@FOREIGN_KEY_CHECKS, FOREIGN_KEY_CHECKS=0 */;
/*!40101 SET @OLD_SQL_MODE=@@SQL_MODE, SQL_MODE='NO_AUTO_VALUE_ON_ZERO' */;
/*!40111 SET @OLD_SQL_NOTES=@@SQL_NOTES, SQL_NOTES=0 */;

--
-- Table structure for table `battery_cluster_info`
--

DROP TABLE IF EXISTS `battery_cluster_info`;
/*!40101 SET @saved_cs_client     = @@character_set_client */;
/*!50503 SET character_set_client = utf8mb4 */;
CREATE TABLE `battery_cluster_info` (
  `id` int NOT NULL AUTO_INCREMENT,
  `upload_time` datetime DEFAULT CURRENT_TIMESTAMP,
  `device_type` varchar(5) DEFAULT NULL,
  `device_name` varchar(45) DEFAULT NULL,
  `device_id` varchar(45) DEFAULT NULL,
  `sn` varchar(45) DEFAULT NULL,
  `device_enable` tinyint(1) DEFAULT NULL,
  `device_online` tinyint(1) DEFAULT NULL,
  `total_alarm` varchar(10) DEFAULT NULL,
  `total_fault` varchar(10) DEFAULT NULL,
  `cell_overvoltage_alarm_level1` varchar(10) DEFAULT NULL,
  `cell_undervoltage_alarm_level1` varchar(10) DEFAULT NULL,
  `cell_overtemperature_alarm_level1` varchar(10) DEFAULT NULL,
  `cell_low_temperature_alarm_level1` varchar(10) DEFAULT NULL,
  `cell_voltage_difference_alarm_level1` varchar(10) DEFAULT NULL,
  `charge_overcurrent_alarm_level1` varchar(10) DEFAULT NULL,
  `discharge_overcurrent_alarm_level1` varchar(10) DEFAULT NULL,
  `soc_low_alarm_level1` varchar(10) DEFAULT NULL,
  `soc_difference_too_large_alarm_level1` varchar(10) DEFAULT NULL,
  `insulation_low_alarm_level1` varchar(10) DEFAULT NULL,
  `cell_overvoltage_alarm_level2` varchar(10) DEFAULT NULL,
  `cell_undervoltage_alarm_level2` varchar(10) DEFAULT NULL,
  `cell_overtemperature_alarm_level2` varchar(10) DEFAULT NULL,
  `cell_low_temperature_alarm_level2` varchar(10) DEFAULT NULL,
  `cell_voltage_difference_alarm_level2` varchar(10) DEFAULT NULL,
  `charge_overcurrent_alarm_level2` varchar(10) DEFAULT NULL,
  `discharge_overcurrent_alarm_level2` varchar(10) DEFAULT NULL,
  `soc_low_alarm_level2` varchar(10) DEFAULT NULL,
  `soc_difference_too_large_alarm_level2` varchar(10) DEFAULT NULL,
  `insulation_low_alarm_level2` varchar(10) DEFAULT NULL,
  `cell_overvoltage_alarm_level3` varchar(10) DEFAULT NULL,
  `cell_undervoltage_alarm_level3` varchar(10) DEFAULT NULL,
  `cell_overtemperature_alarm_level3` varchar(10) DEFAULT NULL,
  `cell_low_temperature_alarm_level3` varchar(10) DEFAULT NULL,
  `cell_voltage_difference_alarm_level3` varchar(10) DEFAULT NULL,
  `charge_overcurrent_alarm_level3` varchar(10) DEFAULT NULL,
  `discharge_overcurrent_alarm_level3` varchar(10) DEFAULT NULL,
  `soc_low_alarm_level3` varchar(10) DEFAULT NULL,
  `soc_difference_too_large_alarm_level3` varchar(10) DEFAULT NULL,
  `insulation_low_alarm_level3` varchar(10) DEFAULT NULL,
  `cell_temperature_limit_alarm` varchar(100) DEFAULT NULL,
  `cell_voltage_limit_alarm` varchar(100) DEFAULT NULL,
  `inter_cluster_circulation_alarm_level1` varchar(10) DEFAULT NULL,
  `inter_cluster_circulation_alarm_level2` varchar(10) DEFAULT NULL,
  `inter_cluster_circulation_alarm_level3` varchar(10) DEFAULT NULL,
  `inter_cluster_current_difference_alarm_level1` varchar(10) DEFAULT NULL,
  `inter_cluster_current_difference_alarm_level2` varchar(10) DEFAULT NULL,
  `inter_cluster_current_difference_alarm_level3` varchar(10) DEFAULT NULL,
  `group_terminal_overvoltage_alarm_level1` varchar(10) DEFAULT NULL,
  `group_terminal_overvoltage_alarm_level2` varchar(10) DEFAULT NULL,
  `group_terminal_overvoltage_alarm_level3` varchar(10) DEFAULT NULL,
  `group_terminal_undervoltage_alarm_level1` varchar(10) DEFAULT NULL,
  `group_terminal_undervoltage_alarm_level2` varchar(10) DEFAULT NULL,
  `group_terminal_undervoltage_alarm_level3` varchar(10) DEFAULT NULL,
  `pole_overtemperature_alarm_level1` varchar(10) DEFAULT NULL,
  `pole_overtemperature_alarm_level2` varchar(10) DEFAULT NULL,
  `pole_overtemperature_alarm_level3` varchar(10) DEFAULT NULL,
  `afe_temperature_sensor_cable_abnormal` varchar(100) DEFAULT NULL,
  `afe_voltage_cable_abnormal` varchar(100) DEFAULT NULL,
  `battery_cluster_communication_alarm` varchar(100) DEFAULT NULL,
  `master_slave_communication_alarm` varchar(100) DEFAULT NULL,
  `relay_sticking_alarm` varchar(100) DEFAULT NULL,
  `battery_limit_fault` varchar(100) DEFAULT NULL,
  `fuse_fault` varchar(100) DEFAULT NULL,
  `circuit_breaker_fault` varchar(100) DEFAULT NULL,
  `air_conditioner_fault` varchar(100) DEFAULT NULL,
  `firefighting_equipment_fault` varchar(100) DEFAULT NULL,
  `fire_alarm` varchar(100) DEFAULT NULL,
  `fire_sprinkler` varchar(100) DEFAULT NULL,
  `afe_fault` varchar(100) DEFAULT NULL,
  `high_voltage_abnormal` varchar(100) DEFAULT NULL,
  `pre_charge_alarm` varchar(100) DEFAULT NULL,
  `open_circuit_fault` varchar(100) DEFAULT NULL,
  `total_voltage` varchar(100) DEFAULT NULL,
  `total_current` varchar(100) DEFAULT NULL,
  `soc` varchar(100) DEFAULT NULL,
  `soh` varchar(100) DEFAULT NULL,
  `soe` varchar(100) DEFAULT NULL,
  `rated_total_voltage` varchar(100) DEFAULT NULL,
  `rated_capacity` varchar(100) DEFAULT NULL,
  `remaining_capacity` varchar(100) DEFAULT NULL,
  `rated_energy` varchar(100) DEFAULT NULL,
  `remaining_energy` varchar(100) DEFAULT NULL,
  `total_slaves_bmu` varchar(100) DEFAULT NULL,
  `online_slaves_bmu` varchar(100) DEFAULT NULL,
  `total_batteries` varchar(100) DEFAULT NULL,
  `online_batteries` varchar(100) DEFAULT NULL,
  `total_temperature_sensors` varchar(100) DEFAULT NULL,
  `online_temperature_sensors` varchar(100) DEFAULT NULL,
  `max_allowable_discharge_current` varchar(100) DEFAULT NULL,
  `max_allowable_discharge_power` varchar(100) DEFAULT NULL,
  `max_allowable_charge_current` varchar(100) DEFAULT NULL,
  `max_allowable_charge_power` varchar(100) DEFAULT NULL,
  `positive_insulation_resistance` varchar(100) DEFAULT NULL,
  `negative_insulation_resistance` varchar(100) DEFAULT NULL,
  `cell_average_voltage` varchar(100) DEFAULT NULL,
  `cell_max_voltage_difference` varchar(100) DEFAULT NULL,
  `highest_cell_voltage` varchar(100) DEFAULT NULL,
  `highest_cell_voltage_slave_id` varchar(100) DEFAULT NULL,
  `highest_cell_voltage_id` varchar(100) DEFAULT NULL,
  `lowest_cell_voltage` varchar(100) DEFAULT NULL,
  `lowest_cell_voltage_slave_id` varchar(100) DEFAULT NULL,
  `lowest_cell_voltage_id` varchar(100) DEFAULT NULL,
  `cell_average_temperature` varchar(100) DEFAULT NULL,
  `max_temperature_difference` varchar(100) DEFAULT NULL,
  `highest_cell_temperature` varchar(100) DEFAULT NULL,
  `highest_cell_temperature_slave_id` varchar(100) DEFAULT NULL,
  `highest_cell_temperature_id` varchar(100) DEFAULT NULL,
  `lowest_cell_temperature` varchar(100) DEFAULT NULL,
  `lowest_cell_temperature_slave_id` varchar(100) DEFAULT NULL,
  `lowest_cell_temperature_id` varchar(100) DEFAULT NULL,
  `daily_charge_capacity` varchar(100) DEFAULT NULL,
  `daily_charge_energy` varchar(100) DEFAULT NULL,
  `daily_discharge_capacity` varchar(100) DEFAULT NULL,
  `daily_discharge_energy` varchar(100) DEFAULT NULL,
  `daily_charge_time` varchar(100) DEFAULT NULL,
  `daily_discharge_time` varchar(100) DEFAULT NULL,
  `cumulative_charge_capacity` varchar(100) DEFAULT NULL,
  `cumulative_charge_energy` varchar(100) DEFAULT NULL,
  `cumulative_discharge_capacity` varchar(100) DEFAULT NULL,
  `cumulative_discharge_energy` varchar(100) DEFAULT NULL,
  `cumulative_charge_time` varchar(100) DEFAULT NULL,
  `cumulative_discharge_time` varchar(100) DEFAULT NULL,
  `bcu_operating_status` varchar(100) DEFAULT NULL,
  `fault_word1` varchar(100) DEFAULT NULL,
  `fault_word2` varchar(100) DEFAULT NULL,
  `fault_word3` varchar(100) DEFAULT NULL,
  `fault_word4` varchar(100) DEFAULT NULL,
  `fault_word5` varchar(100) DEFAULT NULL,
  `fault_word6` varchar(100) DEFAULT NULL,
  `fault_word7` varchar(100) DEFAULT NULL,
  `fault_word8` varchar(100) DEFAULT NULL,
  `fault_word9` varchar(100) DEFAULT NULL,
  `high_voltage_power_off_command` varchar(100) DEFAULT NULL,
  PRIMARY KEY (`id`)
) ENGINE=InnoDB AUTO_INCREMENT=2057 DEFAULT CHARSET=utf8mb3;
/*!40101 SET character_set_client = @saved_cs_client */;

--
-- Dumping data for table `battery_cluster_info`
--

LOCK TABLES `battery_cluster_info` WRITE;
/*!40000 ALTER TABLE `battery_cluster_info` DISABLE KEYS */;
INSERT INTO `battery_cluster_info` VALUES (2028,'2025-03-20 14:51:43','4','BATTERY001','BATTERY001','BATTERY001',1,1,'21.609','66.166','23.752','62.740','25.567','27.139','69.377','114.279','90.732','39.146','52.844','118.119','61.651','140.465','41.816','44.693','64.639','36.563','36.294','71.749','69.337','62.766','67.271','85.570','89.712','49.911','62.865','55.700','34.737','134.019','105.847','80.056','66.425','76.759','72.709','107.813','38.263','99.024','120.665','101.291','141.098','61.742','82.851','71.336','7.171','96.563','68.209','115.411','104.917','96.883','37.622','59.857','90.030','58.661','119.190','51.967','66.516','82.909','104.428','114.447','116.268','51.382','71.327','62.719','64.645','110.828','56.560','72.835','111.860','34.316','73.260','25.860','75.264','102.307','61.396','147.789','75.192','61.720','70.256','112.170','113.257','75.791','17.453','118.794','61.659','91.691','38.083','94.381','80.312','18.322','123.417','63.867','129.537','130.553','60.527','47.638','115.815','48.391','76.569','97.797','75.836','75.250','116.413','128.546','90.237','101.455','49.193','48.584','29.117','84.428','140.544','133.979','38.317','80.022','99.328','50.641','96.402','47.638','55.656','101.611','39.684','29.856','81.271','87.897','43.700','115.719'),(2029,'2025-03-20 14:51:43','4','BATTERY003','BATTERY003','BATTERY003',1,1,'11.720','25.619','25.559','102.599','32.905','42.020','94.989','111.043','101.638','49.985','33.294','108.283','79.679','134.865','78.140','33.836','76.869','43.707','47.695','59.211','79.994','68.114','63.834','125.737','71.606','45.852','80.386','50.585','32.379','137.321','113.945','71.686','73.169','82.179','57.618','113.417','62.574','61.196','130.278','74.857','136.995','86.550','77.842','87.925','48.755','143.894','53.181','80.578','75.469','120.021','69.130','62.934','86.796','31.979','97.199','91.123','67.920','78.187','98.674','134.091','108.838','32.550','91.440','77.203','48.446','111.266','72.743','102.940','120.547','16.397','102.305','65.463','107.421','104.271','71.586','115.017','48.178','69.422','48.085','100.130','102.345','52.940','37.966','82.352','52.236','109.811','54.924','96.636','110.441','16.499','145.726','58.367','121.068','120.618','50.107','62.543','74.912','50.692','79.551','85.529','77.923','63.454','131.058','138.595','110.755','127.525','67.308','69.464','21.945','87.590','100.999','115.033','19.872','58.775','82.866','58.516','104.819','83.120','50.191','102.299','52.380','54.720','88.350','99.428','70.946','110.708'),(2030,'2025-03-20 14:54:09','4','BATTERY001','BATTERY003','BATTERY001',1,1,'57.084','40.544','39.519','84.944','42.190','15.057','64.672','119.627','88.895','56.668','58.869','110.501','70.296','136.536','37.778','41.349','63.583','48.878','21.921','53.425','36.848','60.617','53.717','111.364','65.893','31.110','88.373','63.192','42.472','98.089','86.269','76.930','71.982','95.307','51.053','97.560','55.549','97.586','91.814','115.375','137.054','57.952','68.445','74.789','44.442','105.904','63.229','104.696','82.687','94.886','41.635','67.011','95.036','37.839','134.823','98.119','83.619','94.848','86.453','127.172','103.960','33.747','70.798','65.138','64.826','95.291','69.071','68.836','127.011','46.512','83.020','42.235','100.031','76.423','98.796','135.409','49.090','67.825','59.114','68.856','92.663','35.758','28.060','100.563','40.727','112.635','66.808','93.474','118.705','39.504','124.639','53.596','129.076','124.687','39.405','63.784','97.657','54.951','59.277','121.733','82.378','60.177','125.154','122.730','99.613','115.082','31.924','79.182','29.004','95.407','140.402','106.533','60.244','67.768','104.580','52.940','98.398','54.705','40.357','101.228','54.375','28.832','60.629','84.804','51.086','91.126'),(2031,'2025-03-20 14:54:09','4','BATTERY003','BATTERY003','BATTERY003',1,1,'50.675','29.028','26.177','93.362','9.821','47.242','93.981','95.680','98.472','49.314','44.040','100.103','53.816','128.428','80.982','17.744','94.305','55.236','19.507','89.242','39.828','74.217','77.442','123.011','77.827','18.046','77.740','50.967','36.781','128.884','117.122','66.368','47.547','105.401','69.248','136.052','59.111','56.315','129.943','67.346','124.763','55.244','60.851','91.057','35.587','140.336','82.413','99.143','78.333','118.994','32.558','80.389','105.024','40.181','136.741','68.421','68.467','93.244','97.720','98.826','91.104','31.727','107.875','77.218','48.950','122.188','88.317','102.975','135.714','49.593','103.172','40.492','83.970','88.536','103.836','137.746','41.290','75.342','82.993','107.552','106.165','58.030','42.570','76.473','66.820','106.114','71.008','80.832','71.041','37.056','121.386','54.548','126.815','110.958','33.108','31.197','85.787','53.741','60.422','96.853','69.023','48.049','135.269','103.613','85.783','131.771','45.271','45.339','52.173','95.824','134.249','135.494','57.825','64.423','74.687','43.438','105.424','78.208','63.645','123.261','58.334','33.116','69.366','88.650','27.906','103.379'),(2032,'2025-03-20 14:54:09','4','BATTERY004','BATTERY004','BATTERY004',1,1,'39.605','49.763','59.082','108.280','45.699','44.224','62.258','113.568','89.066','48.353','76.732','89.365','44.397','117.708','51.930','44.454','77.870','56.934','37.043','53.751','54.169','73.539','65.847','87.724','73.087','36.057','83.334','43.980','46.624','106.259','84.978','103.669','52.641','77.886','92.887','111.689','67.173','60.449','130.416','112.769','136.814','44.009','87.817','93.208','24.857','134.803','62.666','81.535','73.023','117.759','67.184','76.043','134.138','18.827','113.777','98.900','104.947','82.576','98.329','124.208','90.960','28.053','70.866','38.262','66.612','97.880','64.222','107.327','114.318','24.349','81.767','49.877','75.176','115.706','91.970','114.313','77.071','50.340','76.750','111.576','93.639','52.264','33.494','84.877','37.520','99.325','56.252','52.513','84.135','19.537','103.080','35.214','102.716','108.847','59.590','47.811','103.315','39.169','78.983','111.014','86.909','40.604','100.515','132.278','83.103','113.229','44.779','65.070','58.998','79.876','100.546','118.971','24.146','98.906','110.409','42.785','120.713','57.222','61.959','132.165','16.714','60.750','65.042','100.629','48.796','113.281'),(2033,'2025-03-20 15:24:14','4','BATTERY001','BATTERY003','BATTERY001',1,1,'46.912','71.837','51.904','79.580','20.806','24.209','67.069','112.930','105.002','48.390','60.453','116.633','68.356','144.110','57.694','7.545','110.780','52.549','43.275','78.695','73.837','75.676','58.435','113.329','109.759','20.650','89.489','50.260','28.927','137.006','109.028','73.636','43.911','78.138','82.179','115.200','58.904','84.266','93.864','116.363','138.712','49.954','96.056','77.009','29.508','138.428','61.828','82.120','78.343','110.297','43.882','54.363','133.869','52.735','142.245','82.394','102.733','78.861','96.951','101.624','107.097','53.640','88.656','49.491','60.666','116.739','55.948','73.365','135.118','41.659','107.491','38.392','97.925','97.646','97.308','119.410','76.223','78.679','62.280','88.864','90.353','76.201','9.319','103.705','66.117','121.245','61.352','82.414','119.084','36.223','135.858','36.789','103.561','134.414','50.943','35.830','115.090','64.714','89.347','120.825','65.645','49.663','117.364','100.858','96.729','143.024','54.534','45.297','27.980','61.674','106.467','98.324','37.419','61.294','95.646','52.593','97.749','52.016','69.236','88.947','61.594','50.450','54.989','76.299','38.810','94.272'),(2034,'2025-03-20 15:24:14','4','BATTERY003','BATTERY003','BATTERY003',1,1,'57.031','44.585','67.530','91.615','44.250','21.290','68.669','92.533','116.765','23.499','69.740','124.439','80.394','130.644','65.276','17.355','78.673','30.300','56.026','54.637','71.354','60.892','70.328','123.749','64.727','64.844','83.458','62.009','51.379','107.921','84.362','72.439','80.366','65.625','55.697','103.591','42.740','81.527','88.522','114.500','125.392','84.499','97.032','78.441','8.677','131.602','89.633','105.168','74.781','103.410','66.652','80.791','119.385','54.363','138.103','54.672','65.846','110.798','89.355','111.642','76.708','27.048','91.479','45.539','36.715','114.470','85.539','98.177','93.955','21.090','115.502','42.232','112.716','99.114','61.303','109.117','78.469','55.008','53.940','81.440','128.895','40.884','16.985','114.945','65.547','139.265','78.888','88.212','87.375','33.772','143.073','63.611','124.110','128.171','11.887','22.138','89.766','24.270','76.311','99.243','106.117','73.033','138.284','134.628','104.874','100.171','60.907','55.313','58.801','59.457','99.229','132.872','51.178','92.948','68.334','56.729','103.569','81.350','40.929','109.525','33.156','62.152','64.504','62.494','48.523','96.679'),(2035,'2025-03-20 15:24:14','4','BATTERY004','BATTERY004','BATTERY004',1,0,'14.688','54.824','36.801','79.067','23.446','15.457','63.362','113.647','87.321','32.677','45.386','131.576','39.652','111.515','37.330','5.825','91.791','54.077','60.057','85.171','47.108','100.789','34.267','83.964','105.053','43.389','84.803','22.517','27.941','119.570','122.028','60.781','47.839','92.516','49.592','107.580','43.653','92.342','129.595','79.325','113.894','86.134','78.417','46.899','16.212','130.803','68.029','77.536','86.232','95.317','30.426','50.941','94.734','21.687','130.426','84.692','89.093','126.278','80.484','127.240','81.019','48.340','68.115','69.443','60.084','119.915','67.427','83.694','108.677','59.079','108.242','39.790','100.847','89.045','106.935','148.510','72.252','67.020','58.614','97.203','122.276','71.643','15.656','96.285','37.915','114.584','51.484','76.613','87.173','4.971','117.273','65.853','97.780','107.052','32.174','59.304','89.719','36.355','88.645','121.843','71.788','53.840','107.711','102.357','105.081','137.558','56.748','42.940','34.545','83.550','105.832','121.256','25.966','80.012','97.300','49.308','131.330','68.656','31.709','98.570','54.406','24.730','46.430','84.104','42.728','81.745'),(2036,'2025-03-20 16:12:01','4','BATTERY001','BATTERY003','BATTERY001',1,1,'44.264','46.639','19.915','93.772','5.894','44.181','93.137','112.260','76.735','45.139','37.141','134.709','52.588','143.040','54.010','43.969','86.495','53.178','30.647','46.929','46.825','74.873','57.350','90.896','68.930','37.618','61.704','41.868','53.383','123.106','110.287','63.308','58.672','92.219','72.534','100.612','80.000','71.050','114.516','104.174','96.681','76.959','74.443','56.157','50.089','133.203','59.974','74.905','72.976','126.076','66.389','51.734','88.014','46.393','110.281','87.592','102.440','86.339','103.133','117.869','83.793','38.713','85.944','79.306','26.606','128.858','52.055','109.078','87.077','40.712','108.701','68.867','92.548','88.027','82.065','110.292','67.781','71.398','57.020','80.227','116.940','45.699','16.819','112.761','66.294','121.413','64.599','76.964','116.090','1.234','122.882','28.179','105.850','97.006','40.334','49.424','93.224','33.423','75.526','96.151','75.545','74.805','108.297','116.658','102.240','120.625','29.509','40.334','43.399','100.778','116.472','101.223','58.848','79.106','72.430','24.832','126.935','46.528','68.626','94.621','39.874','66.955','77.935','90.332','73.480','109.148'),(2037,'2025-03-20 16:12:01','4','BATTERY003','BATTERY003','BATTERY003',1,1,'17.621','50.822','50.090','105.072','43.274','55.924','90.072','120.098','76.097','19.402','73.597','133.854','71.821','132.315','31.554','10.906','92.380','36.912','29.954','63.508','67.138','87.517','65.889','83.732','94.195','16.746','72.898','43.287','31.816','96.942','89.510','102.032','41.819','85.263','49.701','114.417','78.925','57.131','114.535','108.290','97.589','41.967','86.299','57.399','47.578','102.815','51.889','86.014','76.795','90.124','60.304','52.340','113.270','36.489','118.985','78.187','73.621','85.987','107.066','125.553','93.716','14.187','69.783','67.003','27.066','128.049','66.546','102.775','120.651','25.076','106.306','32.236','108.437','73.905','104.868','122.043','72.707','58.866','37.616','97.070','119.030','33.340','56.635','87.724','34.316','138.798','48.352','96.578','80.056','34.583','108.501','56.765','111.555','124.918','17.564','51.493','97.022','46.417','102.064','98.697','91.641','50.843','129.217','111.880','102.872','116.579','42.530','58.133','46.168','66.637','106.258','140.352','28.182','103.560','85.678','11.340','101.311','42.874','56.133','132.054','43.137','60.155','59.536','90.541','71.959','97.477'),(2038,'2025-03-20 16:12:01','4','BATTERY004','BATTERY004','BATTERY004',1,1,'54.139','22.695','29.375','81.282','30.340','16.372','75.875','75.421','76.419','31.680','60.756','96.950','48.173','102.613','71.482','45.470','102.817','66.725','45.436','50.077','31.183','104.021','34.970','90.500','69.786','50.681','65.088','40.685','30.631','105.405','99.663','60.913','43.866','101.039','75.328','114.850','55.111','54.320','124.474','87.006','108.679','70.357','68.436','88.946','39.871','103.898','78.032','82.058','95.340','128.399','72.254','87.043','108.736','16.759','94.689','76.082','110.009','114.852','94.977','119.151','109.518','36.876','106.172','43.981','68.519','116.274','85.382','77.074','109.394','28.161','95.144','58.037','93.081','98.701','77.711','135.857','50.968','37.239','86.629','79.333','129.821','52.534','14.829','81.298','43.788','91.783','40.733','60.124','80.989','39.548','129.857','33.271','118.967','120.813','48.992','23.865','79.526','18.195','102.847','91.750','71.728','47.037','128.404','110.152','97.841','121.802','39.182','80.825','21.855','85.344','110.857','124.645','27.343','86.051','73.233','21.459','117.312','51.999','23.570','131.100','16.622','65.607','53.166','54.518','72.713','86.590'),(2039,'2025-03-20 16:15:01','4','BATTERY001','BATTERY003','BATTERY001',1,1,'39.353','48.034','26.499','106.671','52.121','49.224','50.576','89.347','71.476','27.332','58.143','114.361','71.486','130.929','70.202','50.305','98.333','45.153','20.078','61.089','50.223','93.697','57.187','80.187','77.435','25.634','56.440','53.752','47.170','101.793','89.912','98.192','62.101','93.677','55.056','101.190','41.309','69.892','125.598','71.542','122.990','71.417','62.788','67.889','18.826','95.054','85.332','94.761','99.887','116.143','27.592','65.416','106.931','15.897','115.620','73.282','98.015','119.065','83.672','126.508','98.198','35.219','83.877','73.331','51.528','121.812','58.534','109.658','106.469','44.525','115.867','61.370','123.813','88.924','64.799','108.787','39.784','67.781','49.116','79.022','130.664','57.093','42.049','94.463','55.045','91.960','80.602','87.132','113.197','5.869','146.012','48.287','86.315','125.353','43.608','63.905','114.748','27.810','66.015','81.167','78.265','73.414','95.133','122.087','70.218','124.785','43.123','46.096','40.502','53.501','92.871','124.831','53.687','94.711','87.070','18.326','98.382','46.992','40.861','95.157','27.494','47.772','60.933','63.140','68.945','81.786'),(2040,'2025-03-20 16:15:01','4','BATTERY003','BATTERY003','BATTERY003',1,1,'20.374','41.777','51.166','108.030','45.730','55.744','62.311','89.493','114.448','51.391','58.258','118.023','66.511','133.233','54.974','20.564','86.538','39.792','48.839','51.858','50.415','89.161','37.017','82.329','99.110','52.750','57.861','23.756','54.865','127.677','111.536','75.966','85.278','59.470','70.037','129.452','36.861','61.367','124.981','115.112','109.255','45.493','67.658','43.843','44.708','113.221','93.697','80.705','87.508','102.749','67.696','56.905','103.620','47.727','126.206','51.408','84.260','124.672','114.048','109.449','97.992','18.599','87.335','66.468','36.625','96.303','57.446','62.410','91.618','54.555','69.718','35.660','92.875','106.662','99.850','140.092','53.331','70.388','38.144','73.513','107.071','67.367','27.641','102.098','55.959','134.400','67.369','87.849','104.195','14.783','148.419','62.934','88.525','120.969','23.930','32.445','67.555','58.204','106.875','106.516','107.275','44.462','132.408','121.335','71.633','113.783','64.074','45.817','45.428','58.069','118.062','119.623','24.711','83.362','104.229','54.793','132.083','64.904','60.750','93.121','62.175','68.795','68.325','81.956','65.517','90.444'),(2041,'2025-03-20 16:15:01','4','BATTERY004','BATTERY004','BATTERY004',1,1,'50.443','55.397','38.526','76.761','49.911','48.852','92.222','122.276','105.070','40.308','69.681','105.823','41.825','110.179','80.946','26.600','98.921','37.741','32.359','63.073','51.162','99.121','73.887','87.150','96.846','21.383','96.865','50.305','62.393','142.826','90.838','87.926','60.759','91.211','85.507','138.803','37.415','69.173','103.389','75.123','123.845','44.332','90.362','59.047','38.223','114.325','65.911','109.446','116.284','86.006','50.627','63.300','87.645','15.824','137.913','79.379','85.730','104.469','106.094','103.373','95.554','28.622','82.599','68.902','49.964','127.209','85.662','85.806','125.261','46.954','87.255','31.545','112.648','103.273','80.298','126.951','68.203','33.604','38.110','84.239','111.613','69.656','54.879','89.007','65.732','100.014','52.095','58.545','106.448','40.658','141.909','64.186','122.577','132.422','30.845','58.216','108.996','59.901','87.763','89.099','103.091','52.821','140.353','135.140','102.844','142.290','26.728','68.134','26.566','67.503','132.297','142.548','46.555','102.649','83.376','58.296','138.833','77.313','55.159','128.900','37.473','21.608','56.452','94.375','34.266','106.006'),(2042,'2025-03-20 16:15:45','4','BATTERY001','BATTERY003','BATTERY001',1,1,'24.402','52.107','60.129','99.556','45.134','58.979','80.387','101.546','71.881','48.880','80.704','128.575','54.401','109.533','37.476','29.270','63.768','30.506','32.215','67.663','68.544','83.357','45.445','111.517','95.429','61.585','71.929','23.037','24.606','144.519','82.440','76.246','47.820','85.816','90.184','128.740','76.973','82.319','96.636','74.992','139.934','64.158','87.269','59.533','4.391','129.906','62.189','91.439','88.490','114.176','71.330','66.167','94.392','54.219','93.634','63.636','89.944','101.886','109.493','100.753','74.771','23.844','82.037','78.347','52.790','116.569','40.717','85.703','133.463','53.147','109.695','54.593','123.709','75.142','91.679','142.605','57.223','56.081','56.809','90.655','131.907','54.618','55.199','92.872','51.684','118.058','37.805','55.311','84.980','4.736','146.168','66.956','87.928','86.778','27.441','42.632','109.232','37.639','75.455','102.263','96.148','84.236','141.576','132.768','88.496','103.197','35.678','65.276','52.258','87.033','93.505','109.705','21.763','102.786','84.841','50.095','101.355','89.586','29.178','123.774','30.491','61.086','65.659','57.378','29.044','104.214'),(2043,'2025-03-20 16:15:45','4','BATTERY003','BATTERY003','BATTERY003',1,1,'12.013','38.176','65.775','86.095','20.237','59.220','69.551','91.741','70.101','27.298','31.657','97.170','48.987','105.776','51.335','37.299','70.051','73.694','60.214','59.312','59.527','57.605','38.102','127.693','98.538','64.815','64.367','20.255','43.233','96.614','121.784','83.678','71.857','91.723','79.816','138.368','59.994','68.373','123.487','92.625','102.845','55.930','101.488','77.498','48.698','109.675','92.046','78.274','87.468','91.065','72.169','87.135','106.097','62.035','121.664','64.910','105.414','90.982','79.211','117.232','113.786','20.434','106.228','61.864','54.739','135.521','50.268','100.015','96.406','52.727','96.688','69.343','79.337','73.642','91.412','107.093','42.746','39.348','38.632','74.661','98.669','61.251','34.939','109.058','71.196','100.738','68.892','85.787','102.060','33.044','139.727','30.791','107.320','93.833','51.232','56.778','76.596','39.892','94.081','121.483','97.436','60.925','120.630','117.833','109.653','134.129','54.563','59.959','17.990','60.754','135.433','120.429','38.961','82.477','114.578','17.096','110.212','50.109','54.687','110.750','36.158','60.020','82.764','59.382','48.838','116.321'),(2044,'2025-03-20 16:15:45','4','BATTERY004','BATTERY004','BATTERY004',1,1,'26.998','23.687','24.396','92.618','51.024','20.569','71.102','115.430','90.955','26.120','33.685','106.631','48.523','126.209','47.297','27.030','106.582','79.135','45.932','73.866','70.701','80.006','63.703','117.627','90.479','56.982','75.302','63.785','14.888','100.914','84.320','66.526','78.812','95.707','57.219','134.132','57.447','92.532','83.630','103.540','139.566','81.737','93.452','71.349','44.923','97.840','91.352','79.791','114.218','94.732','55.699','81.197','107.442','54.770','114.752','98.684','75.050','77.348','90.403','134.507','82.170','40.013','85.487','60.590','55.403','105.379','46.751','67.008','127.907','14.643','79.040','54.441','100.976','112.242','104.811','129.716','65.786','77.067','69.607','88.092','126.306','68.633','42.883','88.544','41.158','118.010','80.732','60.772','75.500','24.370','105.303','65.108','103.705','117.243','49.692','35.102','92.366','58.187','91.398','95.333','84.103','38.702','105.158','140.722','108.949','123.760','33.494','80.290','16.748','99.044','116.455','131.550','65.896','80.557','82.080','15.917','102.643','84.177','60.872','130.351','42.781','58.466','60.520','55.695','37.641','103.325'),(2045,'2025-03-20 16:21:31','4','BATTERY001','BATTERY003','BATTERY001',1,1,'33.230','67.251','42.922','70.575','17.568','14.815','47.164','117.359','108.454','29.011','70.887','110.534','61.579','114.046','74.986','22.385','92.910','60.284','40.128','49.060','61.720','96.670','35.583','121.282','69.500','55.146','66.009','58.100','29.174','96.189','102.218','91.858','54.295','56.764','92.026','134.655','54.168','100.124','106.689','85.605','96.166','65.104','67.727','73.098','32.829','104.095','99.568','96.563','106.817','123.972','73.875','49.794','103.715','56.059','129.726','85.301','76.423','123.420','88.289','126.054','110.305','36.192','75.693','35.895','35.702','133.650','85.662','70.877','90.873','38.134','114.971','38.098','83.423','76.019','68.627','115.652','39.191','51.372','59.542','99.376','117.028','35.832','13.108','89.313','39.948','118.012','59.345','71.651','84.185','48.189','115.536','58.834','124.253','86.887','27.275','24.530','70.307','64.272','106.071','73.620','77.151','64.171','140.371','129.316','72.477','99.844','43.511','51.268','62.548','90.358','108.271','100.184','40.963','91.556','115.072','51.984','103.339','91.866','60.609','109.271','28.495','21.089','77.011','70.496','40.905','95.494'),(2046,'2025-03-20 16:21:31','4','BATTERY003','BATTERY003','BATTERY003',1,1,'52.516','50.700','58.255','101.107','37.233','46.936','82.706','80.283','80.551','36.529','47.310','119.306','34.479','134.663','76.130','36.626','106.814','36.906','39.359','53.592','33.015','75.989','79.363','113.270','110.906','52.986','55.584','18.679','42.292','116.061','85.177','92.989','79.481','60.934','48.672','123.777','46.844','81.287','84.584','95.620','142.274','58.663','64.072','71.101','42.289','122.721','92.993','91.572','114.132','126.370','68.457','45.937','114.324','47.557','109.055','74.988','90.155','81.795','78.781','103.689','107.717','36.639','88.882','35.794','55.248','111.148','85.255','111.544','97.038','47.142','71.957','34.384','104.294','95.040','104.033','106.293','56.779','64.832','60.042','102.420','107.867','64.580','29.078','86.464','75.035','101.895','55.279','95.171','118.277','3.943','106.171','66.704','102.198','122.681','45.267','61.954','98.896','34.952','93.285','83.105','79.926','44.775','134.307','140.641','104.761','108.961','25.109','64.494','18.279','74.779','107.745','100.534','65.066','95.608','79.512','41.628','93.556','73.634','37.016','100.569','57.582','39.265','80.497','86.521','71.917','96.896'),(2047,'2025-03-20 16:21:31','4','BATTERY004','BATTERY004','BATTERY004',1,1,'50.505','49.981','64.506','96.022','23.888','27.053','69.270','84.702','101.047','42.130','39.649','90.246','63.909','105.930','71.958','44.279','91.136','72.518','39.964','62.160','62.901','79.423','77.329','94.840','65.700','52.436','69.045','48.902','27.371','123.669','119.785','105.201','38.701','90.130','52.118','138.704','44.151','80.323','114.910','114.030','110.366','61.123','84.134','66.445','14.433','99.082','94.767','103.728','118.969','120.990','38.702','74.957','86.239','19.691','119.349','79.486','85.044','82.959','96.771','99.127','88.981','47.119','75.385','48.590','63.755','141.178','69.934','97.718','105.343','53.354','105.786','40.677','100.170','113.583','61.277','115.365','65.017','61.750','47.136','68.657','109.050','49.764','18.031','116.093','43.371','108.382','80.318','70.256','114.445','36.955','115.430','38.721','109.782','125.072','22.668','44.427','100.560','32.101','102.963','78.964','90.634','65.260','114.134','129.965','85.007','106.940','44.414','75.371','58.725','94.225','97.746','98.879','54.777','72.087','100.437','54.609','139.220','47.066','43.847','107.062','22.909','38.957','52.169','86.373','75.119','121.836'),(2048,'2025-03-20 16:22:58','4','BATTERY001','BATTERY003','BATTERY001',1,1,'37.011','42.823','21.492','63.673','34.998','40.627','48.299','82.645','95.258','29.852','41.016','98.497','55.592','124.496','75.041','52.629','86.568','33.817','35.532','65.391','52.259','62.114','65.394','129.105','101.643','23.393','64.138','22.215','32.593','124.231','97.979','61.459','81.224','95.654','64.995','133.366','66.258','76.228','101.881','90.237','128.375','78.766','63.566','57.124','50.060','135.374','82.952','116.230','105.464','105.714','68.921','49.802','114.681','39.932','109.653','55.431','80.311','120.338','93.677','146.184','102.192','17.810','76.661','67.382','64.827','132.288','72.983','82.703','119.263','44.453','87.431','26.869','90.943','117.301','64.544','135.343','70.318','58.411','71.132','86.143','116.075','40.417','11.447','102.287','36.522','106.085','46.714','93.219','70.404','15.354','99.279','57.808','107.962','124.381','57.539','22.230','78.384','26.361','75.679','82.083','100.039','46.432','135.045','125.097','83.975','139.436','62.375','47.459','47.725','67.783','121.007','108.588','35.141','92.401','84.923','24.041','121.777','75.881','51.471','97.320','43.152','44.586','84.747','91.377','39.601','77.653'),(2049,'2025-03-20 16:22:58','4','BATTERY003','BATTERY003','BATTERY003',1,1,'44.021','52.898','53.716','66.994','46.236','27.170','82.294','92.370','108.771','44.925','69.723','116.506','59.894','112.587','67.424','20.373','68.192','53.709','54.279','55.826','40.769','66.536','49.325','80.772','78.756','47.498','78.026','18.116','60.850','138.082','114.456','94.123','54.928','74.745','91.145','121.406','72.349','74.593','130.285','102.266','131.230','69.645','62.367','66.419','17.811','102.919','63.624','117.553','72.814','124.853','74.343','60.224','101.849','26.435','136.680','59.374','106.339','91.331','112.136','106.622','95.056','10.531','115.688','64.737','51.529','132.410','83.896','106.760','106.405','18.927','85.853','37.111','86.499','91.234','75.127','130.744','40.687','66.942','74.130','109.100','97.178','37.768','51.058','79.348','64.963','134.208','48.720','70.037','77.345','49.536','132.957','65.463','103.941','128.620','58.798','22.818','88.001','15.292','104.508','95.448','97.066','53.141','134.858','145.625','114.706','115.859','43.464','76.768','26.416','86.394','136.725','101.129','40.805','58.712','99.987','19.957','114.682','70.979','53.905','109.249','59.377','64.853','48.323','78.461','73.725','92.736'),(2050,'2025-03-20 16:22:58','4','BATTERY004','BATTERY004','BATTERY004',1,1,'22.012','46.936','51.762','65.324','18.018','50.144','69.246','116.676','102.111','41.497','57.677','115.970','54.837','129.072','69.613','41.995','71.110','33.241','39.181','86.109','44.265','92.173','38.861','109.719','105.408','22.518','74.466','38.157','39.932','135.005','111.580','97.635','63.450','75.029','76.193','96.588','57.412','53.782','106.289','75.667','127.236','45.547','105.631','65.277','3.574','113.021','97.747','82.516','105.529','86.493','54.591','70.278','108.332','37.603','125.649','53.285','106.913','97.282','68.141','142.754','81.770','21.404','89.122','61.394','40.849','115.231','49.045','100.555','118.086','42.198','85.228','60.006','102.853','109.675','67.298','125.619','69.782','52.325','56.687','86.018','83.240','62.493','10.702','110.400','67.738','106.740','69.898','92.852','116.202','27.880','109.409','47.991','117.537','122.683','23.521','63.593','88.151','25.006','107.299','112.791','108.359','57.493','113.899','113.294','88.477','141.463','34.058','42.333','48.510','66.526','95.696','136.451','25.987','71.797','101.982','55.459','132.190','58.439','42.004','98.389','52.695','25.037','66.912','79.945','56.477','93.600'),(2051,'2025-03-20 16:23:46','4','BATTERY001','BATTERY003','BATTERY001',1,1,'31.926','65.514','65.596','67.602','43.141','33.105','74.091','77.741','86.876','30.429','52.236','95.253','77.783','145.819','64.154','22.357','100.908','76.780','37.056','71.450','35.771','81.063','65.313','120.712','87.091','25.938','94.501','47.759','15.423','113.722','107.956','98.615','47.602','69.968','57.029','92.491','55.748','81.528','86.237','67.192','133.598','84.369','62.430','81.341','11.367','140.345','60.985','121.733','102.554','127.222','62.703','43.334','95.671','21.894','139.927','55.545','82.973','91.776','110.292','117.466','84.127','51.340','97.046','54.647','37.818','116.736','60.818','71.825','116.438','47.318','107.089','50.478','122.502','103.764','63.025','115.765','42.961','55.477','42.176','96.971','125.693','53.756','41.212','95.142','51.076','94.212','38.936','80.383','84.010','38.090','129.526','60.822','95.342','123.107','24.257','53.621','80.024','39.541','71.101','106.133','64.362','48.612','126.851','107.398','85.989','100.545','30.855','48.113','17.531','69.823','120.458','117.988','45.478','89.113','87.161','18.919','119.193','42.190','62.294','113.943','39.230','67.834','74.372','67.002','61.754','76.495'),(2052,'2025-03-20 16:23:46','4','BATTERY003','BATTERY003','BATTERY003',1,1,'41.533','59.471','47.310','95.615','4.614','49.825','66.709','90.789','117.219','16.782','42.422','109.386','65.052','100.978','61.716','16.111','104.000','44.394','27.168','80.830','74.222','87.303','67.563','129.012','94.113','64.450','89.958','19.391','63.225','132.656','102.286','61.329','77.243','83.141','70.541','96.361','68.534','78.821','85.176','73.632','123.196','59.391','72.318','49.923','24.095','126.465','89.569','106.632','98.234','127.964','36.145','69.588','131.952','59.710','106.230','55.974','65.604','95.280','92.692','117.858','121.816','39.453','102.478','66.393','64.612','114.593','42.851','66.638','117.789','59.886','115.311','25.726','79.726','78.199','61.948','131.970','38.154','37.935','85.820','111.222','114.268','72.424','37.537','110.474','57.095','94.987','79.742','68.914','72.288','43.414','104.272','63.924','106.179','134.160','30.805','70.172','87.809','35.706','74.610','81.423','86.366','54.689','120.461','130.022','110.107','128.738','55.879','55.380','29.371','65.729','120.017','112.207','60.297','79.416','101.563','14.844','129.487','42.218','30.478','127.496','19.006','51.598','50.769','68.035','47.877','80.696'),(2053,'2025-03-20 16:23:46','4','BATTERY004','BATTERY004','BATTERY004',1,1,'11.357','47.196','32.420','65.805','10.300','50.313','48.810','77.649','89.629','39.990','75.333','92.994','33.982','98.297','70.750','48.759','64.879','71.240','24.493','65.003','51.342','85.172','56.612','125.774','77.119','29.298','54.996','31.973','33.575','122.719','94.785','97.554','60.001','99.159','78.357','122.609','48.304','95.313','102.340','75.753','114.445','40.888','61.721','66.728','15.871','134.675','75.996','114.389','109.029','131.798','57.957','77.135','134.987','32.490','111.946','54.988','104.230','80.583','81.167','119.310','113.365','12.806','110.368','36.022','62.452','136.672','47.626','66.076','118.583','40.968','75.036','34.604','118.424','73.350','87.440','139.392','29.434','46.614','80.097','74.964','82.220','35.225','27.593','89.385','62.229','130.948','85.893','66.433','74.932','24.755','102.068','31.159','120.515','109.644','16.787','38.878','106.865','53.695','83.690','93.736','82.097','35.398','130.385','136.732','76.931','102.795','63.041','60.422','33.732','61.699','97.073','109.862','66.113','96.962','92.604','34.617','115.185','71.034','37.048','94.038','45.124','26.822','81.732','88.712','48.685','76.843'),(2054,'2025-03-20 16:24:47','4','BATTERY001','BATTERY003','BATTERY001',1,1,'48.866','63.530','60.364','80.951','45.643','56.740','93.005','105.912','80.992','18.129','39.068','109.909','38.017','115.165','44.828','34.209','72.697','79.604','24.947','91.141','47.576','75.374','53.771','108.863','101.804','55.821','76.554','26.858','16.384','139.101','99.362','61.986','60.440','95.231','58.223','122.833','65.537','91.292','109.099','97.015','101.299','55.106','97.783','91.993','14.357','128.557','67.109','116.500','113.780','102.708','50.636','53.684','134.225','43.445','92.523','64.101','107.540','102.603','70.655','126.799','91.455','36.961','83.377','38.224','25.823','116.167','76.959','101.896','94.234','41.099','76.165','36.256','101.616','107.578','76.410','123.989','66.442','57.395','45.922','72.420','113.989','40.584','12.887','95.368','79.972','96.837','67.671','57.633','82.820','13.714','103.527','26.194','86.225','95.097','61.178','32.707','87.633','44.936','58.725','90.124','94.615','47.624','121.028','117.997','73.096','122.318','53.989','67.946','31.604','95.189','97.319','136.948','37.450','102.455','103.086','15.524','103.533','49.345','39.813','106.497','35.966','46.507','53.989','70.627','64.477','84.853'),(2055,'2025-03-20 16:24:47','4','BATTERY003','BATTERY003','BATTERY003',1,1,'44.176','30.550','47.737','107.241','27.534','44.049','71.825','103.340','76.487','18.696','55.526','107.948','67.852','127.155','33.028','53.037','74.890','49.540','45.386','51.315','32.215','74.698','73.501','87.425','105.147','23.183','91.922','38.168','43.233','145.049','104.575','75.049','45.192','86.784','63.516','139.031','67.729','73.424','91.666','103.176','137.817','56.380','81.675','78.809','25.202','101.417','65.791','85.908','83.767','87.197','67.664','63.813','104.119','26.891','111.851','54.304','94.148','86.467','83.176','111.482','93.367','29.984','104.024','41.422','28.206','143.765','44.788','101.006','100.998','23.665','107.992','67.839','78.540','116.757','79.040','120.077','33.741','48.223','59.407','113.761','114.957','54.577','30.371','82.405','40.374','133.324','52.836','55.601','74.030','9.618','106.868','29.404','95.856','124.142','37.577','51.655','94.165','59.788','71.653','92.100','91.970','47.831','126.397','121.732','88.296','117.537','34.648','62.692','20.521','88.380','110.735','138.041','26.132','95.154','68.673','41.692','127.109','69.619','24.148','115.993','55.897','54.112','53.267','80.679','32.553','73.571'),(2056,'2025-03-20 16:24:47','4','BATTERY004','BATTERY004','BATTERY004',1,0,'54.796','61.685','39.938','71.662','7.670','23.035','91.637','98.902','73.558','39.637','56.653','122.146','74.082','122.629','43.786','16.098','80.745','34.458','52.322','90.617','33.308','94.029','82.539','128.176','82.982','63.965','80.300','62.193','41.170','118.643','82.348','99.360','64.374','99.448','79.243','91.456','76.631','84.250','123.639','77.124','97.114','41.200','108.572','79.540','25.656','132.411','60.564','109.184','73.607','126.477','59.876','54.770','111.418','45.168','133.389','65.048','110.508','86.831','98.660','98.647','79.108','22.643','82.496','37.399','29.123','109.793','46.207','91.950','108.103','24.352','81.279','41.276','92.263','99.346','83.416','120.751','77.995','49.925','51.108','109.756','128.813','37.365','23.031','86.435','75.710','135.123','85.340','53.558','81.829','42.096','110.211','56.131','99.725','128.812','24.320','60.063','108.895','63.280','68.685','101.254','62.006','62.057','96.717','143.534','104.513','145.354','56.816','82.912','63.727','87.380','105.656','140.047','44.755','68.782','95.697','16.634','133.102','87.774','39.830','124.784','29.173','38.447','79.831','56.430','59.971','78.098');
/*!40000 ALTER TABLE `battery_cluster_info` ENABLE KEYS */;
UNLOCK TABLES;

--
-- Table structure for table `customer_bind_project`
--

DROP TABLE IF EXISTS `customer_bind_project`;
/*!40101 SET @saved_cs_client     = @@character_set_client */;
/*!50503 SET character_set_client = utf8mb4 */;
CREATE TABLE `customer_bind_project` (
  `id` int NOT NULL AUTO_INCREMENT,
  `customer_id` int NOT NULL,
  `project_id` int NOT NULL,
  PRIMARY KEY (`id`)
) ENGINE=InnoDB AUTO_INCREMENT=13 DEFAULT CHARSET=utf8mb3;
/*!40101 SET character_set_client = @saved_cs_client */;

--
-- Dumping data for table `customer_bind_project`
--

LOCK TABLES `customer_bind_project` WRITE;
/*!40000 ALTER TABLE `customer_bind_project` DISABLE KEYS */;
INSERT INTO `customer_bind_project` VALUES (3,2,8),(7,1,1),(8,1,2),(9,1,8),(10,1,9),(12,4,9);
/*!40000 ALTER TABLE `customer_bind_project` ENABLE KEYS */;
UNLOCK TABLES;

--
-- Table structure for table `customer_info`
--

DROP TABLE IF EXISTS `customer_info`;
/*!40101 SET @saved_cs_client     = @@character_set_client */;
/*!50503 SET character_set_client = utf8mb4 */;
CREATE TABLE `customer_info` (
  `id` int NOT NULL AUTO_INCREMENT,
  `customer_name` varchar(45) NOT NULL,
  `create_time` datetime DEFAULT CURRENT_TIMESTAMP,
  PRIMARY KEY (`id`),
  UNIQUE KEY `id_UNIQUE` (`id`),
  UNIQUE KEY `customer_name_UNIQUE` (`customer_name`)
) ENGINE=InnoDB AUTO_INCREMENT=5 DEFAULT CHARSET=utf8mb3;
/*!40101 SET character_set_client = @saved_cs_client */;

--
-- Dumping data for table `customer_info`
--

LOCK TABLES `customer_info` WRITE;
/*!40000 ALTER TABLE `customer_info` DISABLE KEYS */;
INSERT INTO `customer_info` VALUES (1,'AAAAA','2025-02-18 14:56:23'),(2,'bbbb','2025-02-18 14:57:00'),(4,'CCCCC','2025-03-11 14:11:10');
/*!40000 ALTER TABLE `customer_info` ENABLE KEYS */;
UNLOCK TABLES;

--
-- Table structure for table `device_info`
--

DROP TABLE IF EXISTS `device_info`;
/*!40101 SET @saved_cs_client     = @@character_set_client */;
/*!50503 SET character_set_client = utf8mb4 */;
CREATE TABLE `device_info` (
  `id` int NOT NULL AUTO_INCREMENT,
  `battery_series_number` varchar(45) NOT NULL,
  `car_series_number` varchar(45) NOT NULL,
  `bms_series_number` varchar(45) NOT NULL,
  `activation_time` datetime NOT NULL DEFAULT CURRENT_TIMESTAMP,
  `project_id` int DEFAULT NULL,
  PRIMARY KEY (`id`),
  UNIQUE KEY `id_UNIQUE` (`id`),
  UNIQUE KEY `battery_series_number_UNIQUE` (`battery_series_number`)
) ENGINE=InnoDB AUTO_INCREMENT=328 DEFAULT CHARSET=utf8mb3;
/*!40101 SET character_set_client = @saved_cs_client */;

--
-- Dumping data for table `device_info`
--

LOCK TABLES `device_info` WRITE;
/*!40000 ALTER TABLE `device_info` DISABLE KEYS */;
INSERT INTO `device_info` VALUES (1,'BATTERY001','CAR001','BMS001','2025-02-26 15:02:27',8),(2,'BATTERY002','CAR002','BMS002','2025-02-26 15:02:27',5),(3,'BATTERY003','CAR003','BMS003','2025-02-26 15:02:27',8),(4,'BATTERY004','CAR004','BMS004','2025-02-26 15:02:27',6),(5,'BATTERY005','CAR005','BMS005','2025-02-26 15:02:27',9),(6,'BATTERY006','CAR006','BMS006','2025-02-26 15:02:27',6),(7,'BATTERY007','CAR007','BMS007','2025-02-26 15:02:27',8),(8,'BATTERY008','CAR008','BMS008','2025-02-26 15:02:27',8),(9,'BATTERY009','CAR009','BMS009','2025-02-26 15:02:27',8),(10,'BATTERY010','CAR010','BMS010','2025-02-26 15:02:27',8),(11,'BATTERY011','CAR011','BMS011','2025-02-26 15:02:27',10),(12,'BATTERY012','CAR012','BMS012','2025-02-26 15:02:27',10),(13,'BATTERY013','CAR013','BMS013','2025-02-26 15:02:27',10),(14,'BATTERY014','CAR014','BMS014','2025-02-26 15:02:27',10),(15,'BATTERY015','CAR015','BMS015','2025-02-26 15:02:27',NULL),(16,'BATTERY016','CAR016','BMS016','2025-02-26 15:02:27',NULL),(17,'BATTERY017','CAR017','BMS017','2025-02-26 15:02:27',NULL),(18,'BATTERY018','CAR018','BMS018','2025-02-26 15:02:27',NULL),(19,'BATTERY019','CAR019','BMS019','2025-02-26 15:02:27',NULL),(20,'BATTERY020','CAR020','BMS020','2025-02-26 15:02:27',NULL),(21,'BATTERY021','CAR021','BMS021','2025-02-26 15:02:27',NULL),(22,'BATTERY022','CAR022','BMS022','2025-02-26 15:02:27',NULL),(23,'BATTERY023','CAR023','BMS023','2025-02-26 15:02:27',NULL),(24,'BATTERY024','CAR024','BMS024','2025-02-26 15:02:27',NULL),(25,'BATTERY025','CAR025','BMS025','2025-02-26 15:02:27',NULL),(26,'BATTERY026','CAR026','BMS026','2025-02-26 15:02:27',NULL),(27,'BATTERY027','CAR027','BMS027','2025-02-26 15:02:27',NULL),(28,'BATTERY028','CAR028','BMS028','2025-02-26 15:02:27',NULL),(29,'BATTERY029','CAR029','BMS029','2025-02-26 15:02:27',NULL),(30,'BATTERY030','CAR030','BMS030','2025-02-26 15:02:27',NULL),(31,'BATTERY031','CAR031','BMS031','2025-02-26 15:02:27',9),(32,'BATTERY032','CAR032','BMS032','2025-02-26 15:02:27',NULL),(33,'BATTERY033','CAR033','BMS033','2025-02-26 15:02:27',NULL),(34,'BATTERY034','CAR034','BMS034','2025-02-26 15:02:27',NULL),(35,'BATTERY035','CAR035','BMS035','2025-02-26 15:02:27',NULL),(36,'BATTERY036','CAR036','BMS036','2025-02-26 15:02:27',NULL),(37,'BATTERY037','CAR037','BMS037','2025-02-26 15:02:27',NULL),(38,'BATTERY038','CAR038','BMS038','2025-02-26 15:02:27',NULL),(39,'BATTERY039','CAR039','BMS039','2025-02-26 15:02:27',NULL),(40,'BATTERY040','CAR040','BMS040','2025-02-26 15:02:27',NULL),(41,'BATTERY041','CAR041','BMS041','2025-02-26 15:02:27',NULL),(42,'BATTERY042','CAR042','BMS042','2025-02-26 15:02:27',NULL),(43,'BATTERY043','CAR043','BMS043','2025-02-26 15:02:27',NULL),(44,'BATTERY044','CAR044','BMS044','2025-02-26 15:02:27',NULL),(45,'BATTERY045','CAR045','BMS045','2025-02-26 15:02:27',NULL),(46,'BATTERY046','CAR046','BMS046','2025-02-26 15:02:27',NULL),(47,'BATTERY047','CAR047','BMS047','2025-02-26 15:02:27',NULL),(48,'BATTERY048','CAR048','BMS048','2025-02-26 15:02:27',NULL),(49,'BATTERY049','CAR049','BMS049','2025-02-26 15:02:27',NULL),(50,'BATTERY050','CAR050','BMS050','2025-02-26 15:02:28',NULL),(51,'BATTERY051','CAR051','BMS051','2025-02-26 15:02:28',NULL),(52,'BATTERY052','CAR052','BMS052','2025-02-26 15:02:28',NULL),(53,'BATTERY053','CAR053','BMS053','2025-02-26 15:02:28',NULL),(54,'BATTERY054','CAR054','BMS054','2025-02-26 15:02:28',NULL),(55,'BATTERY055','CAR055','BMS055','2025-02-26 15:02:28',NULL),(56,'BATTERY056','CAR056','BMS056','2025-02-26 15:02:28',NULL),(57,'BATTERY057','CAR057','BMS057','2025-02-26 15:02:28',NULL),(58,'BATTERY058','CAR058','BMS058','2025-02-26 15:02:28',NULL),(59,'BATTERY059','CAR059','BMS059','2025-02-26 15:02:28',NULL),(60,'BATTERY060','CAR060','BMS060','2025-02-26 15:02:28',NULL),(61,'BATTERY061','CAR061','BMS061','2025-02-26 15:02:28',NULL),(62,'BATTERY062','CAR062','BMS062','2025-02-26 15:02:28',NULL),(63,'BATTERY063','CAR063','BMS063','2025-02-26 15:02:28',NULL),(64,'BATTERY064','CAR064','BMS064','2025-02-26 15:02:28',NULL),(65,'BATTERY065','CAR065','BMS065','2025-02-26 15:02:28',NULL),(66,'BATTERY066','CAR066','BMS066','2025-02-26 15:02:28',NULL),(67,'BATTERY067','CAR067','BMS067','2025-02-26 15:02:28',NULL),(68,'BATTERY068','CAR068','BMS068','2025-02-26 15:02:28',NULL),(69,'BATTERY069','CAR069','BMS069','2025-02-26 15:02:28',NULL),(70,'BATTERY070','CAR070','BMS070','2025-02-26 15:02:28',NULL),(71,'BATTERY071','CAR071','BMS071','2025-02-26 15:02:28',NULL),(72,'BATTERY072','CAR072','BMS072','2025-02-26 15:02:28',NULL),(73,'BATTERY073','CAR073','BMS073','2025-02-26 15:02:28',NULL),(74,'BATTERY074','CAR074','BMS074','2025-02-26 15:02:28',NULL),(75,'BATTERY075','CAR075','BMS075','2025-02-26 15:02:28',NULL),(76,'BATTERY076','CAR076','BMS076','2025-02-26 15:02:28',NULL),(77,'BATTERY077','CAR077','BMS077','2025-02-26 15:02:28',NULL),(78,'BATTERY078','CAR078','BMS078','2025-02-26 15:02:28',NULL),(79,'BATTERY079','CAR079','BMS079','2025-02-26 15:02:28',NULL),(80,'BATTERY080','CAR080','BMS080','2025-02-26 15:02:28',NULL),(81,'BATTERY081','CAR081','BMS081','2025-02-26 15:02:28',NULL),(82,'BATTERY082','CAR082','BMS082','2025-02-26 15:02:28',NULL),(83,'BATTERY083','CAR083','BMS083','2025-02-26 15:02:28',NULL),(84,'BATTERY084','CAR084','BMS084','2025-02-26 15:02:28',NULL),(85,'BATTERY085','CAR085','BMS085','2025-02-26 15:02:28',NULL),(86,'BATTERY086','CAR086','BMS086','2025-02-26 15:02:28',NULL),(87,'BATTERY087','CAR087','BMS087','2025-02-26 15:02:28',NULL),(88,'BATTERY088','CAR088','BMS088','2025-02-26 15:02:28',NULL),(89,'BATTERY089','CAR089','BMS089','2025-02-26 15:02:28',NULL),(90,'BATTERY090','CAR090','BMS090','2025-02-26 15:02:28',NULL),(91,'BATTERY091','CAR091','BMS091','2025-02-26 15:02:28',NULL),(92,'BATTERY092','CAR092','BMS092','2025-02-26 15:02:28',NULL),(93,'BATTERY093','CAR093','BMS093','2025-02-26 15:02:28',NULL),(94,'BATTERY094','CAR094','BMS094','2025-02-26 15:02:28',NULL),(95,'BATTERY095','CAR095','BMS095','2025-02-26 15:02:28',NULL),(96,'BATTERY096','CAR096','BMS096','2025-02-26 15:02:28',NULL),(97,'BATTERY097','CAR097','BMS097','2025-02-26 15:02:28',NULL),(98,'BATTERY098','CAR098','BMS098','2025-02-26 15:02:28',NULL),(99,'BATTERY099','CAR099','BMS099','2025-02-26 15:02:28',NULL),(100,'BATTERY100','CAR100','BMS100','2025-02-26 15:02:28',NULL),(101,'BATTERY101','CAR101','BMS101','2025-02-26 15:02:28',NULL),(102,'BATTERY102','CAR102','BMS102','2025-02-26 15:02:28',NULL),(103,'BATTERY103','CAR103','BMS103','2025-02-26 15:02:28',NULL),(104,'BATTERY104','CAR104','BMS104','2025-02-26 15:02:28',NULL),(105,'BATTERY105','CAR105','BMS105','2025-02-26 15:02:28',NULL),(106,'BATTERY106','CAR106','BMS106','2025-02-26 15:02:28',NULL),(107,'BATTERY107','CAR107','BMS107','2025-02-26 15:02:28',NULL),(108,'BATTERY108','CAR108','BMS108','2025-02-26 15:02:28',NULL),(109,'BATTERY109','CAR109','BMS109','2025-02-26 15:02:28',NULL),(110,'BATTERY110','CAR110','BMS110','2025-02-26 15:02:28',NULL),(111,'BATTERY111','CAR111','BMS111','2025-02-26 15:02:28',NULL),(112,'BATTERY112','CAR112','BMS112','2025-02-26 15:02:28',NULL),(113,'BATTERY113','CAR113','BMS113','2025-02-26 15:02:28',NULL),(114,'BATTERY114','CAR114','BMS114','2025-02-26 15:02:28',NULL),(115,'BATTERY115','CAR115','BMS115','2025-02-26 15:02:28',NULL),(116,'BATTERY116','CAR116','BMS116','2025-02-26 15:02:28',NULL),(117,'BATTERY117','CAR117','BMS117','2025-02-26 15:02:28',NULL),(118,'BATTERY118','CAR118','BMS118','2025-02-26 15:02:28',NULL),(119,'BATTERY119','CAR119','BMS119','2025-02-26 15:02:28',NULL),(120,'BATTERY120','CAR120','BMS120','2025-02-26 15:02:28',NULL),(121,'BATTERY121','CAR121','BMS121','2025-02-26 15:02:28',NULL),(122,'BATTERY122','CAR122','BMS122','2025-02-26 15:02:28',NULL),(123,'BATTERY123','CAR123','BMS123','2025-02-26 15:02:28',NULL),(124,'BATTERY124','CAR124','BMS124','2025-02-26 15:02:28',NULL),(125,'BATTERY125','CAR125','BMS125','2025-02-26 15:02:28',NULL),(126,'BATTERY126','CAR126','BMS126','2025-02-26 15:02:28',NULL),(127,'BATTERY127','CAR127','BMS127','2025-02-26 15:02:28',NULL),(128,'BATTERY128','CAR128','BMS128','2025-02-26 15:02:28',NULL),(129,'BATTERY129','CAR129','BMS129','2025-02-26 15:02:28',NULL),(130,'BATTERY130','CAR130','BMS130','2025-02-26 15:02:28',NULL),(131,'BATTERY131','CAR131','BMS131','2025-02-26 15:02:28',NULL),(132,'BATTERY132','CAR132','BMS132','2025-02-26 15:02:28',NULL),(133,'BATTERY133','CAR133','BMS133','2025-02-26 15:02:28',NULL),(134,'BATTERY134','CAR134','BMS134','2025-02-26 15:02:28',NULL),(135,'BATTERY135','CAR135','BMS135','2025-02-26 15:02:28',NULL),(136,'BATTERY136','CAR136','BMS136','2025-02-26 15:02:28',NULL),(137,'BATTERY137','CAR137','BMS137','2025-02-26 15:02:28',NULL),(138,'BATTERY138','CAR138','BMS138','2025-02-26 15:02:28',NULL),(139,'BATTERY139','CAR139','BMS139','2025-02-26 15:02:28',NULL),(140,'BATTERY140','CAR140','BMS140','2025-02-26 15:02:28',NULL),(141,'BATTERY141','CAR141','BMS141','2025-02-26 15:02:28',NULL),(142,'BATTERY142','CAR142','BMS142','2025-02-26 15:02:28',NULL),(143,'BATTERY143','CAR143','BMS143','2025-02-26 15:02:28',NULL),(144,'BATTERY144','CAR144','BMS144','2025-02-26 15:02:28',NULL),(145,'BATTERY145','CAR145','BMS145','2025-02-26 15:02:28',NULL),(146,'BATTERY146','CAR146','BMS146','2025-02-26 15:02:28',NULL),(147,'BATTERY147','CAR147','BMS147','2025-02-26 15:02:28',NULL),(148,'BATTERY148','CAR148','BMS148','2025-02-26 15:02:28',NULL),(149,'BATTERY149','CAR149','BMS149','2025-02-26 15:02:28',NULL),(150,'BATTERY150','CAR150','BMS150','2025-02-26 15:02:28',NULL),(151,'BATTERY151','CAR151','BMS151','2025-02-26 15:02:28',NULL),(152,'BATTERY152','CAR152','BMS152','2025-02-26 15:02:28',NULL),(153,'BATTERY153','CAR153','BMS153','2025-02-26 15:02:28',NULL),(154,'BATTERY154','CAR154','BMS154','2025-02-26 15:02:28',NULL),(155,'BATTERY155','CAR155','BMS155','2025-02-26 15:02:28',NULL),(156,'BATTERY156','CAR156','BMS156','2025-02-26 15:02:28',NULL),(157,'BATTERY157','CAR157','BMS157','2025-02-26 15:02:28',NULL),(158,'BATTERY158','CAR158','BMS158','2025-02-26 15:02:28',NULL),(159,'BATTERY159','CAR159','BMS159','2025-02-26 15:02:28',NULL),(160,'BATTERY160','CAR160','BMS160','2025-02-26 15:02:28',NULL),(161,'BATTERY161','CAR161','BMS161','2025-02-26 15:02:28',NULL),(162,'BATTERY162','CAR162','BMS162','2025-02-26 15:02:28',NULL),(163,'BATTERY163','CAR163','BMS163','2025-02-26 15:02:28',NULL),(164,'BATTERY164','CAR164','BMS164','2025-02-26 15:02:28',NULL),(165,'BATTERY165','CAR165','BMS165','2025-02-26 15:02:28',NULL),(166,'BATTERY166','CAR166','BMS166','2025-02-26 15:02:28',NULL),(167,'BATTERY167','CAR167','BMS167','2025-02-26 15:02:28',NULL),(168,'BATTERY168','CAR168','BMS168','2025-02-26 15:02:28',NULL),(169,'BATTERY169','CAR169','BMS169','2025-02-26 15:02:28',NULL),(170,'BATTERY170','CAR170','BMS170','2025-02-26 15:02:28',NULL),(171,'BATTERY171','CAR171','BMS171','2025-02-26 15:02:28',NULL),(172,'BATTERY172','CAR172','BMS172','2025-02-26 15:02:28',NULL),(173,'BATTERY173','CAR173','BMS173','2025-02-26 15:02:28',NULL),(174,'BATTERY174','CAR174','BMS174','2025-02-26 15:02:28',NULL),(175,'BATTERY175','CAR175','BMS175','2025-02-26 15:02:28',NULL),(176,'BATTERY176','CAR176','BMS176','2025-02-26 15:02:28',NULL),(177,'BATTERY177','CAR177','BMS177','2025-02-26 15:02:28',NULL),(178,'BATTERY178','CAR178','BMS178','2025-02-26 15:02:28',NULL),(179,'BATTERY179','CAR179','BMS179','2025-02-26 15:02:28',NULL),(180,'BATTERY180','CAR180','BMS180','2025-02-26 15:02:28',NULL),(181,'BATTERY181','CAR181','BMS181','2025-02-26 15:02:28',NULL),(182,'BATTERY182','CAR182','BMS182','2025-02-26 15:02:28',NULL),(183,'BATTERY183','CAR183','BMS183','2025-02-26 15:02:28',NULL),(184,'BATTERY184','CAR184','BMS184','2025-02-26 15:02:28',NULL),(185,'BATTERY185','CAR185','BMS185','2025-02-26 15:02:29',NULL),(186,'BATTERY186','CAR186','BMS186','2025-02-26 15:02:29',NULL),(187,'BATTERY187','CAR187','BMS187','2025-02-26 15:02:29',NULL),(188,'BATTERY188','CAR188','BMS188','2025-02-26 15:02:29',NULL),(189,'BATTERY189','CAR189','BMS189','2025-02-26 15:02:29',NULL),(190,'BATTERY190','CAR190','BMS190','2025-02-26 15:02:29',NULL),(191,'BATTERY191','CAR191','BMS191','2025-02-26 15:02:29',NULL),(192,'BATTERY192','CAR192','BMS192','2025-02-26 15:02:29',NULL),(193,'BATTERY193','CAR193','BMS193','2025-02-26 15:02:29',NULL),(194,'BATTERY194','CAR194','BMS194','2025-02-26 15:02:29',NULL),(195,'BATTERY195','CAR195','BMS195','2025-02-26 15:02:29',NULL),(196,'BATTERY196','CAR196','BMS196','2025-02-26 15:02:29',NULL),(197,'BATTERY197','CAR197','BMS197','2025-02-26 15:02:29',NULL),(198,'BATTERY198','CAR198','BMS198','2025-02-26 15:02:29',NULL),(199,'BATTERY199','CAR199','BMS199','2025-02-26 15:02:29',NULL),(200,'BATTERY200','CAR200','BMS200','2025-02-26 15:02:29',NULL),(201,'BATTERY201','CAR201','BMS201','2025-02-26 15:02:29',NULL),(202,'BATTERY202','CAR202','BMS202','2025-02-26 15:02:29',NULL),(203,'BATTERY203','CAR203','BMS203','2025-02-26 15:02:29',NULL),(204,'BATTERY204','CAR204','BMS204','2025-02-26 15:02:29',NULL),(205,'BATTERY205','CAR205','BMS205','2025-02-26 15:02:29',NULL),(206,'BATTERY206','CAR206','BMS206','2025-02-26 15:02:29',NULL),(207,'BATTERY207','CAR207','BMS207','2025-02-26 15:02:29',NULL),(208,'BATTERY208','CAR208','BMS208','2025-02-26 15:02:29',NULL),(209,'BATTERY209','CAR209','BMS209','2025-02-26 15:02:29',NULL),(210,'BATTERY210','CAR210','BMS210','2025-02-26 15:02:29',NULL),(211,'BATTERY211','CAR211','BMS211','2025-02-26 15:02:29',NULL),(212,'BATTERY212','CAR212','BMS212','2025-02-26 15:02:29',NULL),(213,'BATTERY213','CAR213','BMS213','2025-02-26 15:02:29',NULL),(214,'BATTERY214','CAR214','BMS214','2025-02-26 15:02:29',NULL),(215,'BATTERY215','CAR215','BMS215','2025-02-26 15:02:29',NULL),(216,'BATTERY216','CAR216','BMS216','2025-02-26 15:02:29',NULL),(217,'BATTERY217','CAR217','BMS217','2025-02-26 15:02:29',NULL),(218,'BATTERY218','CAR218','BMS218','2025-02-26 15:02:29',NULL),(219,'BATTERY219','CAR219','BMS219','2025-02-26 15:02:29',NULL),(220,'BATTERY220','CAR220','BMS220','2025-02-26 15:02:29',NULL),(221,'BATTERY221','CAR221','BMS221','2025-02-26 15:02:29',NULL),(222,'BATTERY222','CAR222','BMS222','2025-02-26 15:02:29',NULL),(223,'BATTERY223','CAR223','BMS223','2025-02-26 15:02:29',NULL),(224,'BATTERY224','CAR224','BMS224','2025-02-26 15:02:29',NULL),(225,'BATTERY225','CAR225','BMS225','2025-02-26 15:02:29',NULL),(226,'BATTERY226','CAR226','BMS226','2025-02-26 15:02:29',NULL),(227,'BATTERY227','CAR227','BMS227','2025-02-26 15:02:29',NULL),(228,'BATTERY228','CAR228','BMS228','2025-02-26 15:02:29',NULL),(229,'BATTERY229','CAR229','BMS229','2025-02-26 15:02:29',NULL),(230,'BATTERY230','CAR230','BMS230','2025-02-26 15:02:29',NULL),(231,'BATTERY231','CAR231','BMS231','2025-02-26 15:02:29',NULL),(232,'BATTERY232','CAR232','BMS232','2025-02-26 15:02:29',NULL),(233,'BATTERY233','CAR233','BMS233','2025-02-26 15:02:29',NULL),(234,'BATTERY234','CAR234','BMS234','2025-02-26 15:02:29',NULL),(235,'BATTERY235','CAR235','BMS235','2025-02-26 15:02:29',NULL),(236,'BATTERY236','CAR236','BMS236','2025-02-26 15:02:29',NULL),(237,'BATTERY237','CAR237','BMS237','2025-02-26 15:02:29',NULL),(238,'BATTERY238','CAR238','BMS238','2025-02-26 15:02:29',NULL),(239,'BATTERY239','CAR239','BMS239','2025-02-26 15:02:29',NULL),(240,'BATTERY240','CAR240','BMS240','2025-02-26 15:02:29',NULL),(241,'BATTERY241','CAR241','BMS241','2025-02-26 15:02:29',NULL),(242,'BATTERY242','CAR242','BMS242','2025-02-26 15:02:29',NULL),(243,'BATTERY243','CAR243','BMS243','2025-02-26 15:02:29',NULL),(244,'BATTERY244','CAR244','BMS244','2025-02-26 15:02:29',NULL),(245,'BATTERY245','CAR245','BMS245','2025-02-26 15:02:29',NULL),(246,'BATTERY246','CAR246','BMS246','2025-02-26 15:02:29',NULL),(247,'BATTERY247','CAR247','BMS247','2025-02-26 15:02:29',NULL),(248,'BATTERY248','CAR248','BMS248','2025-02-26 15:02:29',NULL),(249,'BATTERY249','CAR249','BMS249','2025-02-26 15:02:29',NULL),(250,'BATTERY250','CAR250','BMS250','2025-02-26 15:02:29',NULL),(251,'BATTERY251','CAR251','BMS251','2025-02-26 15:02:29',NULL),(252,'BATTERY252','CAR252','BMS252','2025-02-26 15:02:29',NULL),(253,'BATTERY253','CAR253','BMS253','2025-02-26 15:02:29',NULL),(254,'BATTERY254','CAR254','BMS254','2025-02-26 15:02:29',NULL),(255,'BATTERY255','CAR255','BMS255','2025-02-26 15:02:29',NULL),(256,'BATTERY256','CAR256','BMS256','2025-02-26 15:02:29',NULL),(257,'BATTERY257','CAR257','BMS257','2025-02-26 15:02:29',NULL),(258,'BATTERY258','CAR258','BMS258','2025-02-26 15:02:29',NULL),(259,'BATTERY259','CAR259','BMS259','2025-02-26 15:02:29',NULL),(260,'BATTERY260','CAR260','BMS260','2025-02-26 15:02:29',NULL),(261,'BATTERY261','CAR261','BMS261','2025-02-26 15:02:29',NULL),(262,'BATTERY262','CAR262','BMS262','2025-02-26 15:02:29',NULL),(263,'BATTERY263','CAR263','BMS263','2025-02-26 15:02:29',NULL),(264,'BATTERY264','CAR264','BMS264','2025-02-26 15:02:29',NULL),(265,'BATTERY265','CAR265','BMS265','2025-02-26 15:02:29',NULL),(266,'BATTERY266','CAR266','BMS266','2025-02-26 15:02:29',NULL),(267,'BATTERY267','CAR267','BMS267','2025-02-26 15:02:29',NULL),(268,'BATTERY268','CAR268','BMS268','2025-02-26 15:02:29',NULL),(269,'BATTERY269','CAR269','BMS269','2025-02-26 15:02:29',NULL),(270,'BATTERY270','CAR270','BMS270','2025-02-26 15:02:29',NULL),(271,'BATTERY271','CAR271','BMS271','2025-02-26 15:02:29',NULL),(272,'BATTERY272','CAR272','BMS272','2025-02-26 15:02:29',NULL),(273,'BATTERY273','CAR273','BMS273','2025-02-26 15:02:29',NULL),(274,'BATTERY274','CAR274','BMS274','2025-02-26 15:02:29',NULL),(275,'BATTERY275','CAR275','BMS275','2025-02-26 15:02:29',NULL),(276,'BATTERY276','CAR276','BMS276','2025-02-26 15:02:29',NULL),(277,'BATTERY277','CAR277','BMS277','2025-02-26 15:02:29',NULL),(278,'BATTERY278','CAR278','BMS278','2025-02-26 15:02:29',NULL),(279,'BATTERY279','CAR279','BMS279','2025-02-26 15:02:29',NULL),(280,'BATTERY280','CAR280','BMS280','2025-02-26 15:02:29',NULL),(281,'BATTERY281','CAR281','BMS281','2025-02-26 15:02:29',NULL),(282,'BATTERY282','CAR282','BMS282','2025-02-26 15:02:29',NULL),(283,'BATTERY283','CAR283','BMS283','2025-02-26 15:02:29',NULL),(284,'BATTERY284','CAR284','BMS284','2025-02-26 15:02:29',NULL),(285,'BATTERY285','CAR285','BMS285','2025-02-26 15:02:29',NULL),(286,'BATTERY286','CAR286','BMS286','2025-02-26 15:02:29',NULL),(287,'BATTERY287','CAR287','BMS287','2025-02-26 15:02:29',NULL),(288,'BATTERY288','CAR288','BMS288','2025-02-26 15:02:29',NULL),(289,'BATTERY289','CAR289','BMS289','2025-02-26 15:02:29',NULL),(290,'BATTERY290','CAR290','BMS290','2025-02-26 15:02:29',NULL),(291,'BATTERY291','CAR291','BMS291','2025-02-26 15:02:29',NULL),(292,'BATTERY292','CAR292','BMS292','2025-02-26 15:02:29',NULL),(293,'BATTERY293','CAR293','BMS293','2025-02-26 15:02:29',NULL),(294,'BATTERY294','CAR294','BMS294','2025-02-26 15:02:29',NULL),(295,'BATTERY295','CAR295','BMS295','2025-02-26 15:02:29',NULL),(296,'BATTERY296','CAR296','BMS296','2025-02-26 15:02:29',NULL),(297,'BATTERY297','CAR297','BMS297','2025-02-26 15:02:29',NULL),(298,'BATTERY298','CAR298','BMS298','2025-02-26 15:02:29',NULL),(299,'BATTERY299','CAR299','BMS299','2025-02-26 15:02:29',NULL),(300,'BATTERY300','CAR300','BMS300','2025-02-26 15:02:29',NULL),(301,'BATTERY301','CAR301','BMS301','2025-02-26 15:02:29',NULL),(302,'BATTERY302','CAR302','BMS302','2025-02-26 15:02:29',NULL),(303,'BATTERY303','CAR303','BMS303','2025-02-26 15:02:29',NULL),(304,'BATTERY304','CAR304','BMS304','2025-02-26 15:02:29',NULL),(305,'BATTERY305','CAR305','BMS305','2025-02-26 15:02:29',NULL),(306,'BATTERY306','CAR306','BMS306','2025-02-26 15:02:29',NULL),(307,'BATTERY307','CAR307','BMS307','2025-02-26 15:02:29',NULL),(308,'BATTERY308','CAR308','BMS308','2025-02-26 15:02:29',NULL),(309,'BATTERY309','CAR309','BMS309','2025-02-26 15:02:29',NULL),(310,'BATTERY310','CAR310','BMS310','2025-02-26 15:02:29',NULL),(311,'BATTERY320','CAR320','BMS320','2025-03-11 00:00:00',NULL),(312,'BATTERY321','CAR321','BMS321','2025-03-12 00:00:00',NULL),(315,'BATTERY322','CAR322','BMS322','2025-03-13 00:00:00',NULL),(316,'BATTERY323','CAR323','BMS323','2025-03-14 00:00:00',NULL),(318,'BATTERY333','','BMS333','2025-03-30 15:42:13',NULL),(319,'BATTERY334','','BMS334','2025-03-30 15:42:21',NULL),(320,'BATTERY335','','BMS335','2025-03-30 15:42:21',NULL),(321,'BATTERY336','','BMS336','2025-03-30 15:42:21',NULL),(322,'BATTERY337','','BMS337','2025-03-30 15:42:21',NULL),(323,'BATTERY338','','BMS338','2025-03-30 15:42:21',NULL),(324,'BATTERY339','','BMS339','2025-03-30 15:42:21',NULL),(325,'BATTERY340','','BMS340','2025-03-30 15:42:21',NULL),(326,'BATTERY341','','BMS341','2025-03-30 15:42:21',NULL),(327,'BATTERY342','','BMS342','2025-03-30 15:42:21',10);
/*!40000 ALTER TABLE `device_info` ENABLE KEYS */;
UNLOCK TABLES;

--
-- Table structure for table `group_bind_project`
--

DROP TABLE IF EXISTS `group_bind_project`;
/*!40101 SET @saved_cs_client     = @@character_set_client */;
/*!50503 SET character_set_client = utf8mb4 */;
CREATE TABLE `group_bind_project` (
  `id` int NOT NULL AUTO_INCREMENT,
  `group_id` int NOT NULL,
  `project_id` int NOT NULL,
  PRIMARY KEY (`id`)
) ENGINE=InnoDB AUTO_INCREMENT=25 DEFAULT CHARSET=utf8mb3;
/*!40101 SET character_set_client = @saved_cs_client */;

--
-- Dumping data for table `group_bind_project`
--

LOCK TABLES `group_bind_project` WRITE;
/*!40000 ALTER TABLE `group_bind_project` DISABLE KEYS */;
INSERT INTO `group_bind_project` VALUES (1,1,1),(2,1,2),(3,1,3),(10,5,1),(11,5,2),(12,5,3),(13,5,4),(14,5,5),(15,5,6),(16,5,7),(17,5,8),(18,5,9),(19,5,10),(22,2,1),(23,2,4),(24,2,9);
/*!40000 ALTER TABLE `group_bind_project` ENABLE KEYS */;
UNLOCK TABLES;

--
-- Table structure for table `group_info`
--

DROP TABLE IF EXISTS `group_info`;
/*!40101 SET @saved_cs_client     = @@character_set_client */;
/*!50503 SET character_set_client = utf8mb4 */;
CREATE TABLE `group_info` (
  `id` int NOT NULL AUTO_INCREMENT,
  `group_name` varchar(45) NOT NULL,
  `description` varchar(45) DEFAULT NULL,
  `create_time` datetime DEFAULT CURRENT_TIMESTAMP,
  PRIMARY KEY (`id`),
  UNIQUE KEY `name_UNIQUE` (`group_name`)
) ENGINE=InnoDB AUTO_INCREMENT=6 DEFAULT CHARSET=utf8mb3;
/*!40101 SET character_set_client = @saved_cs_client */;

--
-- Dumping data for table `group_info`
--

LOCK TABLES `group_info` WRITE;
/*!40000 ALTER TABLE `group_info` DISABLE KEYS */;
INSERT INTO `group_info` VALUES (1,'AAA','111','2025-03-11 19:56:17'),(2,'BBB','222','2025-03-11 19:56:17'),(3,'CCC','333','2025-03-11 19:56:17'),(4,'DDD','444','2025-03-11 19:57:58'),(5,'EEEEE','5555','2025-03-11 20:15:23');
/*!40000 ALTER TABLE `group_info` ENABLE KEYS */;
UNLOCK TABLES;

--
-- Table structure for table `project_info`
--

DROP TABLE IF EXISTS `project_info`;
/*!40101 SET @saved_cs_client     = @@character_set_client */;
/*!50503 SET character_set_client = utf8mb4 */;
CREATE TABLE `project_info` (
  `id` int NOT NULL AUTO_INCREMENT,
  `customer_project_number` varchar(255) NOT NULL,
  `customer_project_name` varchar(255) NOT NULL,
  `my_project_number` varchar(255) NOT NULL,
  `my_project_name` varchar(255) NOT NULL,
  `project_type` varchar(255) NOT NULL,
  `create_time` datetime NOT NULL DEFAULT CURRENT_TIMESTAMP,
  PRIMARY KEY (`id`),
  UNIQUE KEY `customer_project_number_UNIQUE` (`customer_project_number`)
) ENGINE=InnoDB AUTO_INCREMENT=11 DEFAULT CHARSET=utf8mb3;
/*!40101 SET character_set_client = @saved_cs_client */;

--
-- Dumping data for table `project_info`
--

LOCK TABLES `project_info` WRITE;
/*!40000 ALTER TABLE `project_info` DISABLE KEYS */;
INSERT INTO `project_info` VALUES (1,'111','AA','222222222','bbbbbbbbb','','2025-02-17 20:10:50'),(2,'22222','cccc','33333','dd','','2025-02-17 20:19:37'),(3,'333','BB','222222222','bbbbbbbbb','','2025-02-17 20:24:24'),(4,'444','DD','222222222','bbbbbbbbb','','2025-02-17 20:24:58'),(5,'555','RR','222222222','bbbbbbbbb','','2025-02-17 20:25:52'),(6,'666','FF','22222222233','bbbbbbbbb','','2025-02-17 20:26:34'),(7,'777','GG','222222222','bbbbbbbbb','','2025-02-18 13:58:06'),(8,'001','','MY001','','','2025-02-26 15:16:20'),(9,'002','','MY002','','','2025-02-26 15:30:01'),(10,'20250310','AS','2025031020250310','ASAS','','2025-03-10 16:10:51');
/*!40000 ALTER TABLE `project_info` ENABLE KEYS */;
UNLOCK TABLES;

--
-- Table structure for table `role`
--

DROP TABLE IF EXISTS `role`;
/*!40101 SET @saved_cs_client     = @@character_set_client */;
/*!50503 SET character_set_client = utf8mb4 */;
CREATE TABLE `role` (
  `role_code` int NOT NULL AUTO_INCREMENT,
  `role_name` varchar(45) DEFAULT NULL,
  PRIMARY KEY (`role_code`)
) ENGINE=InnoDB AUTO_INCREMENT=3 DEFAULT CHARSET=utf8mb3;
/*!40101 SET character_set_client = @saved_cs_client */;

--
-- Dumping data for table `role`
--

LOCK TABLES `role` WRITE;
/*!40000 ALTER TABLE `role` DISABLE KEYS */;
INSERT INTO `role` VALUES (1,''),(2,'');
/*!40000 ALTER TABLE `role` ENABLE KEYS */;
UNLOCK TABLES;

--
-- Table structure for table `user`
--

DROP TABLE IF EXISTS `user`;
/*!40101 SET @saved_cs_client     = @@character_set_client */;
/*!50503 SET character_set_client = utf8mb4 */;
CREATE TABLE `user` (
  `id` int NOT NULL AUTO_INCREMENT,
  `email` varchar(320) DEFAULT NULL,
  `password` varchar(255) DEFAULT NULL,
  `name` varchar(45) DEFAULT NULL,
  `phone_number` varchar(45) DEFAULT NULL,
  `role_code` varchar(45) DEFAULT NULL,
  `create_time` timestamp NULL DEFAULT CURRENT_TIMESTAMP,
  `is_delete` bit(1) DEFAULT b'0',
  PRIMARY KEY (`id`)
) ENGINE=InnoDB AUTO_INCREMENT=4 DEFAULT CHARSET=utf8mb3;
/*!40101 SET character_set_client = @saved_cs_client */;

--
-- Dumping data for table `user`
--

LOCK TABLES `user` WRITE;
/*!40000 ALTER TABLE `user` DISABLE KEYS */;
INSERT INTO `user` VALUES (2,'admin','AQAAAAEAACcQAAAAEAUWVeUjzTndkWDb7FNmcdC9isiXK4VvBcGb671SVCEIPXXo+LeB6e0Wuruz9Yl7JA==','zw',NULL,'2','2024-11-25 07:17:09',_binary '\0'),(3,'809917187@qq.com','AQAAAAEAACcQAAAAEHPpLsmCIx+4CdCu9qStNFbNLoRkQvlaYalCfTOvvXneQ79o1MAby23gcSrsPco4yw==','zwzw','18688888888','1','2024-11-25 08:01:17',_binary '\0');
/*!40000 ALTER TABLE `user` ENABLE KEYS */;
UNLOCK TABLES;
/*!40103 SET TIME_ZONE=@OLD_TIME_ZONE */;

/*!40101 SET SQL_MODE=@OLD_SQL_MODE */;
/*!40014 SET FOREIGN_KEY_CHECKS=@OLD_FOREIGN_KEY_CHECKS */;
/*!40014 SET UNIQUE_CHECKS=@OLD_UNIQUE_CHECKS */;
/*!40101 SET CHARACTER_SET_CLIENT=@OLD_CHARACTER_SET_CLIENT */;
/*!40101 SET CHARACTER_SET_RESULTS=@OLD_CHARACTER_SET_RESULTS */;
/*!40101 SET COLLATION_CONNECTION=@OLD_COLLATION_CONNECTION */;
/*!40111 SET SQL_NOTES=@OLD_SQL_NOTES */;

-- Dump completed on 2025-03-30 15:44:23
